{
    "rmse": 0.7071904297042503,
    "mae": 0.5634755802883734,
    "r2": 0.2601653593951384
}