{
    "rmse": 0.6736983293122912,
    "mae": 0.5261032617734296,
    "r2": 0.22991399547287827
}